---
layout: post
category : MySQL
tags : [MySQL]
title: int(1) int(10) int(100) 的区别
---
{% include JB/setup %}

**说明：**
有别于char(x)和varchar(x)，int(x)中的x表示的是整型(tinyint smallint mediumint int bigint)在添加了zerofill描述符后的显示宽度，所以在不添加zerofill描述符的时候， int(1) 和 int(10) int(100) 都没什么区别。 


**测试：1**

    mysql> show create table a\G 
    *************************** 1. row *************************** 
    Table: a 
    Create Table: CREATE TABLE `a` ( 
    `id` int(10) NOT NULL AUTO_INCREMENT, 
    `uid` int(11) NOT NULL, 
    `time` datetime NOT NULL, 
    `type` tinyint(4) DEFAULT NULL, 
    `status` varchar(320) DEFAULT NULL, 
    PRIMARY KEY (`id`), 
    KEY `idx_uid` (`uid`) 
    ) ENGINE=InnoDB AUTO_INCREMENT=500001 DEFAULT CHARSET=utf8 
    1 row in set (0.00 sec) 

**测试：2**

    mysql> select * from a limit 2\G 
    *************************** 1. row *************************** 
    id: 1 
    uid: 1 
    time: 2012-01-16 17:34:24 
    type: 1 
    status: vvvvvvvvvvvvvv 
    *************************** 2. row *************************** 
    id: 2 
    uid: 2 
    time: 2012-01-16 17:34:10 
    type: 2 
    status: vvvvvvvvvvvvvv 
    2 rows in set (0.00 sec) 
    
**测试：3**

    mysql> alter table a modify uid int(20) ZEROFILL NOT NULL; 

    mysql> show create table a\G 
    *************************** 1. row *************************** 
    Table: a 
    Create Table: CREATE TABLE `a` ( 
    `id` int(10) NOT NULL AUTO_INCREMENT, 
    `uid` int(20) unsigned zerofill NOT NULL, 
    `time` datetime NOT NULL, 
    `type` tinyint(4) DEFAULT NULL, 
    `status` varchar(320) DEFAULT NULL, 
    PRIMARY KEY (`id`), 
    KEY `idx_uid` (`uid`) 
    ) ENGINE=InnoDB AUTO_INCREMENT=500001 DEFAULT CHARSET=utf8 
    1 row in set (0.00 sec) 

**测试：4**

    mysql> select * from a limit 2\G 
    *************************** 1. row *************************** 
    id: 1 
    uid: 00000000000000000001 
    time: 2012-01-16 17:34:24 
    type: 1 
    status: vvvvvvvvvvvvvv 
    *************************** 2. row *************************** 
    id: 2 
    uid: 00000000000000000002 
    time: 2012-01-16 17:34:10 
    type: 2 
    status: vvvvvvvvvvvvvv